

--- AGENDAS
--- Types
INSERT INTO Types
			(Type,								Kind)
VALUES		('TRAIT_AGENDA_VLR_ODA_UNIFIER',	'KIND_TRAIT');

--- Agendas
INSERT INTO Agendas
			(AgendaType,						Name,							Description)
VALUES		('AGENDA_VLR_ODA_UNIFIER',			'LOC_AGENDA_VLR_ODA_NAME',		'LOC_AGENDA_VLR_ODA_DESCRIPTION');

--- Traits
INSERT INTO Traits
			(TraitType,								Name,					Description)
VALUES		('TRAIT_AGENDA_VLR_ODA_UNIFIER',		'LOC_PLACEHOLDER',		'LOC_PLACEHOLDER');

--- Agenda Traits
INSERT INTO AgendaTraits
			(AgendaType,					TraitType)
VALUES		('AGENDA_VLR_ODA_UNIFIER',		'TRAIT_AGENDA_VLR_ODA_UNIFIER');

-- Historical Agendas
INSERT INTO HistoricalAgendas
			(LeaderType,					AgendaType)
VALUES		('LEADER_VLR_ODA',				'AGENDA_VLR_ODA_UNIFIER');

--- Exclusive Agendas
INSERT INTO ExclusiveAgendas
			(AgendaOne,						AgendaTwo)
VALUES		('AGENDA_VLR_ODA_UNIFIER',		'AGENDA_PARANOID'),
			('AGENDA_VLR_ODA_UNIFIER',		'AGENDA_STANDING_ARMY');

--- Trait Modifiers	
INSERT INTO TraitModifiers
			(TraitType,											ModifierId)
VALUES		('TRAIT_AGENDA_VLR_ODA_UNIFIER',					'VLR_ODA_UNIFIER_NEAR_STRONG'),
			('TRAIT_AGENDA_VLR_ODA_UNIFIER',					'VLR_ODA_UNIFIER_NEAR_WEAK'),
			('TRAIT_AGENDA_VLR_ODA_UNIFIER',					'VLR_ODA_UNIFIER_FAR_STRONG'),
			('TRAIT_AGENDA_VLR_ODA_UNIFIER',					'VLR_ODA_UNIFIER_FAR_WEAK');

--- Modifiers
INSERT INTO Modifiers
			(ModifierId,										ModifierType,									SubjectRequirementSetId)
VALUES		('VLR_ODA_UNIFIER_NEAR_STRONG',						'MODIFIER_PLAYER_DIPLOMACY_SIMPLE_MODIFIER',	'REQ_SET_VLR_ODA_UNIFIER_NEAR_STRONG'),
			('VLR_ODA_UNIFIER_NEAR_WEAK',						'MODIFIER_PLAYER_DIPLOMACY_SIMPLE_MODIFIER',	'REQ_SET_VLR_ODA_UNIFIER_NEAR_WEAK'),
			('VLR_ODA_UNIFIER_FAR_STRONG',						'MODIFIER_PLAYER_DIPLOMACY_SIMPLE_MODIFIER',	'REQ_SET_VLR_ODA_UNIFIER_FAR_STRONG'),
			('VLR_ODA_UNIFIER_FAR_WEAK',						'MODIFIER_PLAYER_DIPLOMACY_SIMPLE_MODIFIER',	'REQ_SET_VLR_ODA_UNIFIER_FAR_WEAK');

--- Requirement Sets
INSERT INTO RequirementSets
			(RequirementSetId,									RequirementSetType)
VALUES		('REQ_SET_VLR_ODA_UNIFIER_NEAR_STRONG',				'REQUIREMENTSET_TEST_ALL'),
			('REQ_SET_VLR_ODA_UNIFIER_NEAR_WEAK',				'REQUIREMENTSET_TEST_ALL'),
			('REQ_SET_VLR_ODA_UNIFIER_FAR_STRONG',				'REQUIREMENTSET_TEST_ALL'),
			('REQ_SET_VLR_ODA_UNIFIER_FAR_WEAK',				'REQUIREMENTSET_TEST_ALL');

--- Requirement Set Requirements
INSERT INTO RequirementSetRequirements
			(RequirementSetId,							RequirementId)
VALUES		('REQ_SET_VLR_ODA_UNIFIER_NEAR_STRONG',		'REQUIRES_MAJOR_CIV_OPPONENT'),
			('REQ_SET_VLR_ODA_UNIFIER_NEAR_STRONG',		'REQUIRES_MET_10_TURNS_AGO'),
			('REQ_SET_VLR_ODA_UNIFIER_NEAR_STRONG',		'REQUIRES_NEIGHBOR_CIVS'),
			('REQ_SET_VLR_ODA_UNIFIER_NEAR_STRONG',		'REQUIRES_HAS_HIGH_STANDING_ARMY'),

			('REQ_SET_VLR_ODA_UNIFIER_NEAR_WEAK',		'REQUIRES_MAJOR_CIV_OPPONENT'),
			('REQ_SET_VLR_ODA_UNIFIER_NEAR_WEAK',		'REQUIRES_MET_10_TURNS_AGO'),
			('REQ_SET_VLR_ODA_UNIFIER_NEAR_WEAK',		'REQUIRES_NEIGHBOR_CIVS'),
			('REQ_SET_VLR_ODA_UNIFIER_NEAR_WEAK',		'REQUIRES_HAS_LOW_STANDING_ARMY'),

			('REQ_SET_VLR_ODA_UNIFIER_FAR_STRONG',		'REQUIRES_MAJOR_CIV_OPPONENT'),
			('REQ_SET_VLR_ODA_UNIFIER_FAR_STRONG',		'REQUIRES_MET_10_TURNS_AGO'),
			('REQ_SET_VLR_ODA_UNIFIER_FAR_STRONG',		'REQUIRES_NOT_NEIGHBOR_CIVS'),
			('REQ_SET_VLR_ODA_UNIFIER_FAR_STRONG',		'REQUIRES_HAS_HIGH_STANDING_ARMY'),

			('REQ_SET_VLR_ODA_UNIFIER_FAR_WEAK',		'REQUIRES_MAJOR_CIV_OPPONENT'),
			('REQ_SET_VLR_ODA_UNIFIER_FAR_WEAK',		'REQUIRES_MET_10_TURNS_AGO'),
			('REQ_SET_VLR_ODA_UNIFIER_FAR_WEAK',		'REQUIRES_NOT_NEIGHBOR_CIVS'),
			('REQ_SET_VLR_ODA_UNIFIER_FAR_WEAK',		'REQUIRES_HAS_LOW_STANDING_ARMY');

--- Modifier Arguments
INSERT INTO ModifierArguments
			(ModifierId,								Name,							Value)
VALUES		('VLR_ODA_UNIFIER_NEAR_STRONG',				'InitialValue',					-6),
			('VLR_ODA_UNIFIER_NEAR_STRONG',				'StatementKey',					'LOC_DIPLO_WARNING_LEADER_VLR_ODA_REASON_NEAR_STRONG'),
			('VLR_ODA_UNIFIER_NEAR_STRONG',				'SimpleModifierDescription',	'LOC_DIPLO_MODIFIER_AGENDA_VLR_ODA_UNIFIER_NEAR_STRONG'),

			('VLR_ODA_UNIFIER_NEAR_WEAK',				'InitialValue',					-12),
			('VLR_ODA_UNIFIER_NEAR_WEAK',				'StatementKey',					'LOC_DIPLO_WARNING_LEADER_VLR_ODA_REASON_NEAR_WEAK'),
			('VLR_ODA_UNIFIER_NEAR_WEAK',				'SimpleModifierDescription',	'LOC_DIPLO_MODIFIER_AGENDA_VLR_ODA_UNIFIER_NEAR_WEAK'),

			('VLR_ODA_UNIFIER_FAR_STRONG',				'InitialValue',					10),
			('VLR_ODA_UNIFIER_FAR_STRONG',				'StatementKey',					'LOC_DIPLO_KUDO_LEADER_VLR_ODA_REASON_FAR_STRONG'),
			('VLR_ODA_UNIFIER_FAR_STRONG',				'SimpleModifierDescription',	'LOC_DIPLO_MODIFIER_AGENDA_VLR_ODA_UNIFIER_FAR_STRONG'),
			
			('VLR_ODA_UNIFIER_FAR_WEAK',				'InitialValue',					5),
			('VLR_ODA_UNIFIER_FAR_WEAK',				'StatementKey',					'LOC_DIPLO_KUDO_LEADER_VLR_ODA_REASON_FAR_WEAK'),
			('VLR_ODA_UNIFIER_FAR_WEAK',				'SimpleModifierDescription',	'LOC_DIPLO_MODIFIER_AGENDA_VLR_ODA_UNIFIER_FAR_WEAK');